{
  "combined_25": {
    "rmse": [
      0.979521722420222, 0.974802124598202, 0.9472153074931653,
      0.9563534966166675, 0.9587380928288352
    ],
    "mae": [
      0.8080939584917042, 0.810942819399961, 0.7954111372113893,
      0.8041754809547955, 0.8103905916995678
    ]
  },
  "combined_50": {
    "rmse": [
      0.9641683171141853, 0.9599939083464121, 0.9336405769898435,
      0.9401661612835994, 0.9465573584821643
    ],
    "mae": [
      0.7985004959490987, 0.8010802094740417, 0.7855110305895082,
      0.7911390836701533, 0.8020440998645212
    ]
  },
  "combined_75": {
    "rmse": [
      0.9737252572169935, 0.9709884918929322, 0.945079795877825,
      0.9492097711449141, 0.9590515139465559
    ],
    "mae": [
      0.8058471882146043, 0.809163417141791, 0.7929898470750671,
      0.7970323436273904, 0.8112280760107181
    ]
  },
  "content": {
    "rmse": [
      1.020166972208053, 1.0150724368941852, 0.9871249210168742,
      0.9975178208244985, 0.9943440820599944
    ],
    "mae": [
      0.8364168593877586, 0.8382478669248871, 0.8236180768704163,
      0.8348254734432347, 0.8349000370895062
    ]
  },
  "colab": {
    "rmse": [
      1.006609533133907, 1.0063574130273876, 0.9801523454910854,
      0.9814283222644976, 0.9934474733680234
    ],
    "mae": [
      0.8313388795189491, 0.8378476074905059, 0.8190251295312112,
      0.823263717558698, 0.8389447074629172
    ]
  }
}
